{
    "imgHeight": 1080, 
    "imgWidth": 1920, 
    "objects": [
        {
            "date": "", 
            "deleted": 1, 
            "draw": false, 
            "id": 0, 
            "label": "out of roi", 
            "polygon": [
                [
                    0, 
                    0
                ], 
                [
                    2048, 
                    0
                ], 
                [
                    2048, 
                    1024
                ], 
                [
                    0, 
                    1024
                ], 
                [
                    0, 
                    0
                ], 
                [
                    5, 
                    5
                ], 
                [
                    5, 
                    1019
                ], 
                [
                    2043, 
                    1019
                ], 
                [
                    2043, 
                    5
                ], 
                [
                    5, 
                    5
                ]
            ], 
            "user": "", 
            "verified": 1
        }, 
        {
            "date": "", 
            "deleted": 0, 
            "draw": true, 
            "id": 1, 
            "label": "sky", 
            "polygon": [
                [
                    0.0, 
                    63.46153846153846
                ], 
                [
                    833.0769230769231, 
                    452.30769230769226
                ], 
                [
                    1018.8461538461538, 
                    435.0
                ], 
                [
                    1138.8461538461538, 
                    304.6153846153846
                ], 
                [
                    1204.6153846153845, 
                    0.0
                ], 
                [
                    0.0, 
                    0.0
                ]
            ], 
            "user": "yongwoo", 
            "verified": 0
        }, 
        {
            "date": "", 
            "deleted": 0, 
            "draw": true, 
            "id": 2, 
            "label": "road", 
            "polygon": [
                [
                    0.0, 
                    609.2307692307692
                ], 
                [
                    857.3076923076923, 
                    484.6153846153846
                ], 
                [
                    1008.4615384615385, 
                    481.15384615384613
                ], 
                [
                    1919.0, 
                    949.6153846153845
                ], 
                [
                    1919.0, 
                    1079.0
                ], 
                [
                    0.0, 
                    1079.0
                ]
            ], 
            "user": "yongwoo", 
            "verified": 0
        }, 
        {
            "date": "", 
            "deleted": 0, 
            "draw": true, 
            "id": 3, 
            "label": "vegetation", 
            "polygon": [
                [
                    136.15384615384616, 
                    0.0
                ], 
                [
                    185.76923076923077, 
                    18.46153846153846
                ], 
                [
                    205.3846153846154, 
                    46.15384615384615
                ], 
                [
                    211.15384615384616, 
                    18.46153846153846
                ], 
                [
                    214.6153846153846, 
                    2.3076923076923075
                ], 
                [
                    271.15384615384613, 
                    0.0
                ], 
                [
                    248.07692307692307, 
                    56.53846153846153
                ], 
                [
                    264.2307692307692, 
                    49.61538461538461
                ], 
                [
                    286.15384615384613, 
                    72.6923076923077
                ], 
                [
                    305.7692307692308, 
                    66.92307692307692
                ], 
                [
                    301.15384615384613, 
                    105.0
                ], 
                [
                    339.2307692307692, 
                    96.92307692307692
                ], 
                [
                    390.0, 
                    124.61538461538461
                ], 
                [
                    438.46153846153845, 
                    137.3076923076923
                ], 
                [
                    466.15384615384613, 
                    120.0
                ], 
                [
                    505.38461538461536, 
                    143.07692307692307
                ], 
                [
                    514.6153846153846, 
                    152.3076923076923
                ], 
                [
                    529.6153846153846, 
                    141.9230769230769
                ], 
                [
                    548.0769230769231, 
                    151.15384615384616
                ], 
                [
                    555.0, 
                    140.76923076923077
                ], 
                [
                    559.6153846153846, 
                    106.15384615384615
                ], 
                [
                    580.3846153846154, 
                    96.92307692307692
                ], 
                [
                    588.4615384615385, 
                    108.46153846153845
                ], 
                [
                    576.9230769230769, 
                    122.3076923076923
                ], 
                [
                    582.6923076923076, 
                    141.9230769230769
                ], 
                [
                    596.5384615384615, 
                    115.38461538461539
                ], 
                [
                    600.0, 
                    132.69230769230768
                ], 
                [
                    591.9230769230769, 
                    161.53846153846152
                ], 
                [
                    608.0769230769231, 
                    147.69230769230768
                ], 
                [
                    615.0, 
                    135.0
                ], 
                [
                    621.9230769230769, 
                    132.69230769230768
                ], 
                [
                    618.4615384615385, 
                    151.15384615384616
                ], 
                [
                    615.0, 
                    182.3076923076923
                ], 
                [
                    617.3076923076923, 
                    207.69230769230768
                ], 
                [
                    630.0, 
                    220.3846153846154
                ], 
                [
                    638.0769230769231, 
                    205.3846153846154
                ], 
                [
                    646.1538461538461, 
                    226.15384615384613
                ], 
                [
                    658.8461538461538, 
                    221.53846153846152
                ], 
                [
                    663.4615384615385, 
                    218.07692307692307
                ], 
                [
                    661.1538461538461, 
                    240.0
                ], 
                [
                    655.3846153846154, 
                    258.46153846153845
                ], 
                [
                    671.5384615384615, 
                    260.7692307692308
                ], 
                [
                    681.9230769230769, 
                    256.15384615384613
                ], 
                [
                    690.0, 
                    256.15384615384613
                ], 
                [
                    695.7692307692307, 
                    263.0769230769231
                ], 
                [
                    695.7692307692307, 
                    283.8461538461538
                ], 
                [
                    706.1538461538461, 
                    267.6923076923077
                ], 
                [
                    710.7692307692307, 
                    260.7692307692308
                ], 
                [
                    696.9230769230769, 
                    294.2307692307692
                ], 
                [
                    711.9230769230769, 
                    298.8461538461538
                ], 
                [
                    730.3846153846154, 
                    297.6923076923077
                ], 
                [
                    721.1538461538461, 
                    310.38461538461536
                ], 
                [
                    711.9230769230769, 
                    317.3076923076923
                ], 
                [
                    731.5384615384615, 
                    311.53846153846155
                ], 
                [
                    731.5384615384615, 
                    327.6923076923077
                ], 
                [
                    728.0769230769231, 
                    338.07692307692304
                ], 
                [
                    724.6153846153846, 
                    342.6923076923077
                ], 
                [
                    723.4615384615385, 
                    346.15384615384613
                ], 
                [
                    745.3846153846154, 
                    336.9230769230769
                ], 
                [
                    744.2307692307692, 
                    342.6923076923077
                ], 
                [
                    740.7692307692307, 
                    348.46153846153845
                ], 
                [
                    739.6153846153846, 
                    358.8461538461538
                ], 
                [
                    739.6153846153846, 
                    364.6153846153846
                ], 
                [
                    740.7692307692307, 
                    368.07692307692304
                ], 
                [
                    755.7692307692307, 
                    358.8461538461538
                ], 
                [
                    769.6153846153846, 
                    353.07692307692304
                ], 
                [
                    778.8461538461538, 
                    357.6923076923077
                ], 
                [
                    785.7692307692307, 
                    366.9230769230769
                ], 
                [
                    777.6923076923076, 
                    381.9230769230769
                ], 
                [
                    776.5384615384615, 
                    393.46153846153845
                ], 
                [
                    782.3076923076923, 
                    406.15384615384613
                ], 
                [
                    789.2307692307692, 
                    383.07692307692304
                ], 
                [
                    792.6923076923076, 
                    395.7692307692308
                ], 
                [
                    793.8461538461538, 
                    402.6923076923077
                ], 
                [
                    797.3076923076923, 
                    396.9230769230769
                ], 
                [
                    795.0, 
                    384.2307692307692
                ], 
                [
                    805.3846153846154, 
                    365.7692307692308
                ], 
                [
                    814.6153846153846, 
                    388.8461538461538
                ], 
                [
                    822.6923076923076, 
                    401.53846153846155
                ], 
                [
                    828.4615384615385, 
                    429.2307692307692
                ], 
                [
                    833.0769230769231, 
                    429.2307692307692
                ], 
                [
                    837.6923076923076, 
                    421.15384615384613
                ], 
                [
                    841.1538461538461, 
                    428.07692307692304
                ], 
                [
                    840.0, 
                    408.46153846153845
                ], 
                [
                    849.2307692307692, 
                    407.3076923076923
                ], 
                [
                    851.5384615384615, 
                    425.7692307692308
                ], 
                [
                    878.0769230769231, 
                    421.15384615384613
                ], 
                [
                    871.1538461538461, 
                    403.8461538461538
                ], 
                [
                    879.2307692307692, 
                    394.6153846153846
                ], 
                [
                    893.0769230769231, 
                    388.8461538461538
                ], 
                [
                    909.2307692307692, 
                    387.6923076923077
                ], 
                [
                    934.6153846153845, 
                    393.46153846153845
                ], 
                [
                    942.6923076923076, 
                    401.53846153846155
                ], 
                [
                    942.6923076923076, 
                    420.0
                ], 
                [
                    957.6923076923076, 
                    415.38461538461536
                ], 
                [
                    960.0, 
                    407.3076923076923
                ], 
                [
                    965.7692307692307, 
                    399.2307692307692
                ], 
                [
                    961.1538461538461, 
                    390.0
                ], 
                [
                    962.3076923076923, 
                    370.38461538461536
                ], 
                [
                    970.3846153846154, 
                    362.3076923076923
                ], 
                [
                    968.0769230769231, 
                    349.6153846153846
                ], 
                [
                    958.8461538461538, 
                    348.46153846153845
                ], 
                [
                    963.4615384615385, 
                    331.15384615384613
                ], 
                [
                    971.5384615384615, 
                    328.8461538461538
                ], 
                [
                    956.5384615384615, 
                    316.15384615384613
                ], 
                [
                    945.0, 
                    315.0
                ], 
                [
                    953.0769230769231, 
                    310.38461538461536
                ], 
                [
                    980.7692307692307, 
                    318.46153846153845
                ], 
                [
                    988.8461538461538, 
                    305.7692307692308
                ], 
                [
                    986.5384615384615, 
                    296.53846153846155
                ], 
                [
                    949.6153846153845, 
                    283.8461538461538
                ], 
                [
                    939.2307692307692, 
                    273.46153846153845
                ], 
                [
                    971.5384615384615, 
                    276.9230769230769
                ], 
                [
                    985.3846153846154, 
                    268.8461538461538
                ], 
                [
                    993.4615384615385, 
                    272.3076923076923
                ], 
                [
                    1000.3846153846154, 
                    264.2307692307692
                ], 
                [
                    984.2307692307692, 
                    253.84615384615384
                ], 
                [
                    954.2307692307692, 
                    245.76923076923077
                ], 
                [
                    945.0, 
                    229.6153846153846
                ], 
                [
                    924.2307692307692, 
                    211.15384615384616
                ], 
                [
                    923.0769230769231, 
                    204.23076923076923
                ], 
                [
                    965.7692307692307, 
                    219.23076923076923
                ], 
                [
                    920.7692307692307, 
                    165.0
                ], 
                [
                    910.3846153846154, 
                    136.15384615384616
                ], 
                [
                    953.0769230769231, 
                    161.53846153846152
                ], 
                [
                    975.0, 
                    178.84615384615384
                ], 
                [
                    986.5384615384615, 
                    201.9230769230769
                ], 
                [
                    994.6153846153845, 
                    228.46153846153845
                ], 
                [
                    1009.6153846153845, 
                    242.3076923076923
                ], 
                [
                    1026.923076923077, 
                    252.69230769230768
                ], 
                [
                    1029.2307692307693, 
                    222.69230769230768
                ], 
                [
                    1002.6923076923076, 
                    191.53846153846152
                ], 
                [
                    1003.8461538461538, 
                    181.15384615384616
                ], 
                [
                    1029.2307692307693, 
                    191.53846153846152
                ], 
                [
                    1010.7692307692307, 
                    167.3076923076923
                ], 
                [
                    988.8461538461538, 
                    151.15384615384616
                ], 
                [
                    1021.1538461538461, 
                    150.0
                ], 
                [
                    1047.6923076923076, 
                    162.69230769230768
                ], 
                [
                    1058.076923076923, 
                    167.3076923076923
                ], 
                [
                    1051.1538461538462, 
                    141.9230769230769
                ], 
                [
                    1017.6923076923076, 
                    111.92307692307692
                ], 
                [
                    1017.6923076923076, 
                    108.46153846153845
                ], 
                [
                    1020.0, 
                    110.76923076923076
                ], 
                [
                    1022.3076923076923, 
                    107.3076923076923
                ], 
                [
                    1014.2307692307692, 
                    78.46153846153845
                ], 
                [
                    998.0769230769231, 
                    54.230769230769226
                ], 
                [
                    976.1538461538461, 
                    9.23076923076923
                ], 
                [
                    984.2307692307692, 
                    1.1538461538461537
                ], 
                [
                    1015.3846153846154, 
                    40.38461538461538
                ], 
                [
                    1030.3846153846152, 
                    40.38461538461538
                ], 
                [
                    1038.4615384615383, 
                    35.76923076923077
                ], 
                [
                    1039.6153846153845, 
                    16.153846153846153
                ], 
                [
                    1041.923076923077, 
                    3.4615384615384612
                ], 
                [
                    1047.6923076923076, 
                    0.0
                ], 
                [
                    1919.0, 
                    0.0
                ], 
                [
                    1919.0, 
                    946.1538461538461
                ], 
                [
                    1322.3076923076922, 
                    668.0769230769231
                ], 
                [
                    984.2307692307692, 
                    507.6923076923077
                ], 
                [
                    981.9230769230769, 
                    504.2307692307692
                ], 
                [
                    980.7692307692307, 
                    498.46153846153845
                ], 
                [
                    978.4615384615385, 
                    489.2307692307692
                ], 
                [
                    975.0, 
                    483.46153846153845
                ], 
                [
                    975.0, 
                    478.8461538461538
                ], 
                [
                    939.2307692307692, 
                    481.15384615384613
                ], 
                [
                    942.6923076923076, 
                    488.07692307692304
                ], 
                [
                    924.2307692307692, 
                    493.8461538461538
                ], 
                [
                    911.5384615384615, 
                    507.6923076923077
                ], 
                [
                    906.9230769230769, 
                    507.6923076923077
                ], 
                [
                    906.9230769230769, 
                    504.2307692307692
                ], 
                [
                    896.5384615384615, 
                    506.53846153846155
                ], 
                [
                    845.7692307692307, 
                    508.8461538461538
                ], 
                [
                    743.0769230769231, 
                    529.6153846153846
                ], 
                [
                    0.0, 
                    641.5384615384615
                ], 
                [
                    0.0, 
                    1.1538461538461537
                ]
            ], 
            "user": "yongwoo", 
            "verified": 0
        }, 
        {
            "date": "", 
            "deleted": 0, 
            "draw": true, 
            "id": 4, 
            "label": "yesol", 
            "polygon": [
                [
                    1489.6153846153845, 
                    965.7692307692307
                ], 
                [
                    1000.3846153846154, 
                    531.9230769230769
                ], 
                [
                    977.3076923076923, 
                    511.15384615384613
                ], 
                [
                    973.8461538461538, 
                    507.6923076923077
                ], 
                [
                    976.1538461538461, 
                    507.6923076923077
                ], 
                [
                    987.6923076923076, 
                    516.9230769230769
                ], 
                [
                    1015.3846153846154, 
                    538.8461538461538
                ], 
                [
                    1163.076923076923, 
                    660.0
                ], 
                [
                    1555.3846153846152, 
                    980.7692307692307
                ]
            ], 
            "user": "yongwoo", 
            "verified": 0
        }, 
        {
            "date": "", 
            "deleted": 0, 
            "draw": true, 
            "id": 5, 
            "label": "yesol", 
            "polygon": [
                [
                    0.0, 
                    651.9230769230769
                ], 
                [
                    198.46153846153845, 
                    620.7692307692307
                ], 
                [
                    365.7692307692308, 
                    593.0769230769231
                ], 
                [
                    526.1538461538462, 
                    567.6923076923076
                ], 
                [
                    556.1538461538462, 
                    565.3846153846154
                ], 
                [
                    528.4615384615385, 
                    568.8461538461538
                ], 
                [
                    473.07692307692304, 
                    578.0769230769231
                ], 
                [
                    8.076923076923077, 
                    654.2307692307692
                ], 
                [
                    4.615384615384615, 
                    654.2307692307692
                ], 
                [
                    3.4615384615384612, 
                    654.2307692307692
                ], 
                [
                    1.1538461538461537, 
                    655.3846153846154
                ]
            ], 
            "user": "yongwoo", 
            "verified": 0
        }, 
        {
            "date": "", 
            "deleted": 0, 
            "draw": true, 
            "id": 6, 
            "label": "general road mark", 
            "polygon": [
                [
                    0.0, 
                    716.5384615384615
                ], 
                [
                    332.3076923076923, 
                    640.3846153846154
                ], 
                [
                    641.5384615384615, 
                    570.0
                ], 
                [
                    656.5384615384615, 
                    566.5384615384615
                ], 
                [
                    663.4615384615385, 
                    570.0
                ], 
                [
                    655.3846153846154, 
                    573.4615384615385
                ], 
                [
                    576.9230769230769, 
                    640.3846153846154
                ], 
                [
                    560.7692307692307, 
                    648.4615384615385
                ], 
                [
                    0.0, 
                    857.3076923076923
                ]
            ], 
            "user": "yongwoo", 
            "verified": 0
        }, 
        {
            "date": "", 
            "deleted": 0, 
            "draw": true, 
            "id": 7, 
            "label": "yesol", 
            "polygon": [
                [
                    651.9230769230769, 
                    567.6923076923076
                ], 
                [
                    739.6153846153846, 
                    546.9230769230769
                ], 
                [
                    792.6923076923076, 
                    535.3846153846154
                ], 
                [
                    799.6153846153846, 
                    535.3846153846154
                ], 
                [
                    797.3076923076923, 
                    536.5384615384615
                ], 
                [
                    658.8461538461538, 
                    571.1538461538462
                ], 
                [
                    651.9230769230769, 
                    576.9230769230769
                ], 
                [
                    643.8461538461538, 
                    576.9230769230769
                ], 
                [
                    651.9230769230769, 
                    572.3076923076923
                ], 
                [
                    685.3846153846154, 
                    561.9230769230769
                ], 
                [
                    724.6153846153846, 
                    552.6923076923076
                ], 
                [
                    657.6923076923076, 
                    568.8461538461538
                ], 
                [
                    655.3846153846154, 
                    568.8461538461538
                ]
            ], 
            "user": "yongwoo", 
            "verified": 0
        }, 
        {
            "date": "", 
            "deleted": 0, 
            "draw": true, 
            "id": 8, 
            "label": "curb", 
            "polygon": [
                [
                    0.0, 
                    630.0
                ], 
                [
                    182.3076923076923, 
                    605.7692307692307
                ], 
                [
                    525.0, 
                    556.1538461538462
                ], 
                [
                    630.0, 
                    542.3076923076923
                ], 
                [
                    729.2307692307692, 
                    529.6153846153846
                ], 
                [
                    781.1538461538461, 
                    521.5384615384615
                ], 
                [
                    781.1538461538461, 
                    525.0
                ], 
                [
                    716.5384615384615, 
                    537.6923076923076
                ], 
                [
                    0.0, 
                    650.7692307692307
                ]
            ], 
            "user": "yongwoo", 
            "verified": 0
        }, 
        {
            "date": "", 
            "deleted": 0, 
            "draw": true, 
            "id": 9, 
            "label": "curb", 
            "polygon": [
                [
                    1919.0, 
                    950.7692307692307
                ], 
                [
                    985.3846153846154, 
                    507.6923076923077
                ], 
                [
                    981.9230769230769, 
                    507.6923076923077
                ], 
                [
                    983.0769230769231, 
                    510.0
                ], 
                [
                    1826.5384615384614, 
                    1023.4615384615385
                ], 
                [
                    1919.0, 
                    1056.923076923077
                ]
            ], 
            "user": "yongwoo", 
            "verified": 0
        }, 
        {
            "date": "", 
            "deleted": 0, 
            "draw": true, 
            "id": 10, 
            "label": "whdot", 
            "polygon": [
                [
                    676.1538461538461, 
                    818.0769230769231
                ], 
                [
                    714.2307692307692, 
                    818.0769230769231
                ], 
                [
                    811.1538461538461, 
                    688.8461538461538
                ], 
                [
                    791.5384615384615, 
                    690.0
                ]
            ], 
            "user": "yongwoo", 
            "verified": 0
        }, 
        {
            "date": "", 
            "deleted": 0, 
            "draw": true, 
            "id": 11, 
            "label": "whdot", 
            "polygon": [
                [
                    855.0, 
                    618.4615384615385
                ], 
                [
                    868.8461538461538, 
                    618.4615384615385
                ], 
                [
                    886.1538461538461, 
                    594.2307692307692
                ], 
                [
                    875.7692307692307, 
                    593.0769230769231
                ]
            ], 
            "user": "yongwoo", 
            "verified": 0
        }, 
        {
            "date": "", 
            "deleted": 0, 
            "draw": true, 
            "id": 12, 
            "label": "whdot", 
            "polygon": [
                [
                    893.0769230769231, 
                    572.3076923076923
                ], 
                [
                    903.4615384615385, 
                    572.3076923076923
                ], 
                [
                    911.5384615384615, 
                    561.9230769230769
                ], 
                [
                    903.4615384615385, 
                    561.9230769230769
                ]
            ], 
            "user": "yongwoo", 
            "verified": 0
        }, 
        {
            "date": "", 
            "deleted": 0, 
            "draw": true, 
            "id": 13, 
            "label": "whdot", 
            "polygon": [
                [
                    911.5384615384615, 
                    551.5384615384615
                ], 
                [
                    919.6153846153845, 
                    551.5384615384615
                ], 
                [
                    923.0769230769231, 
                    545.7692307692307
                ], 
                [
                    917.3076923076923, 
                    545.7692307692307
                ]
            ], 
            "user": "yongwoo", 
            "verified": 0
        }, 
        {
            "date": "", 
            "deleted": 0, 
            "draw": true, 
            "id": 14, 
            "label": "whdot", 
            "polygon": [
                [
                    723.4615384615385, 
                    583.8461538461538
                ], 
                [
                    691.1538461538461, 
                    597.6923076923076
                ], 
                [
                    698.0769230769231, 
                    596.5384615384615
                ], 
                [
                    740.7692307692307, 
                    581.5384615384615
                ], 
                [
                    736.1538461538461, 
                    580.3846153846154
                ]
            ], 
            "user": "yongwoo", 
            "verified": 0
        }, 
        {
            "date": "", 
            "deleted": 0, 
            "draw": true, 
            "id": 15, 
            "label": "ego vehicle", 
            "polygon": [
                [
                    506.53846153846155, 
                    1079.0
                ], 
                [
                    551.5384615384615, 
                    1050.0
                ], 
                [
                    613.8461538461538, 
                    1022.3076923076923
                ], 
                [
                    668.0769230769231, 
                    1002.6923076923076
                ], 
                [
                    730.3846153846154, 
                    985.3846153846154
                ], 
                [
                    805.3846153846154, 
                    973.8461538461538
                ], 
                [
                    889.6153846153846, 
                    963.4615384615385
                ], 
                [
                    956.5384615384615, 
                    958.8461538461538
                ], 
                [
                    1001.5384615384615, 
                    957.6923076923076
                ], 
                [
                    1007.3076923076923, 
                    934.6153846153845
                ], 
                [
                    1029.2307692307693, 
                    932.3076923076923
                ], 
                [
                    1097.3076923076924, 
                    933.4615384615385
                ], 
                [
                    1112.3076923076924, 
                    948.4615384615385
                ], 
                [
                    1114.6153846153845, 
                    951.9230769230769
                ], 
                [
                    1197.6923076923076, 
                    950.7692307692307
                ], 
                [
                    1209.2307692307693, 
                    934.6153846153845
                ], 
                [
                    1225.3846153846152, 
                    930.0
                ], 
                [
                    1296.923076923077, 
                    934.6153846153845
                ], 
                [
                    1309.6153846153845, 
                    946.1538461538461
                ], 
                [
                    1314.2307692307693, 
                    953.0769230769231
                ], 
                [
                    1350.0, 
                    955.3846153846154
                ], 
                [
                    1474.6153846153845, 
                    962.3076923076923
                ], 
                [
                    1533.4615384615383, 
                    970.3846153846154
                ], 
                [
                    1611.923076923077, 
                    976.1538461538461
                ], 
                [
                    1750.3846153846152, 
                    998.0769230769231
                ], 
                [
                    1810.3846153846152, 
                    1013.0769230769231
                ], 
                [
                    1919.0, 
                    1038.4615384615383
                ], 
                [
                    1919.0, 
                    1079.0
                ]
            ], 
            "user": "yongwoo", 
            "verified": 0
        }, 
        {
            "date": "", 
            "deleted": 0, 
            "draw": true, 
            "id": 16, 
            "label": "whdot", 
            "polygon": [
                [
                    873.4615384615385, 
                    527.3076923076923
                ], 
                [
                    868.8461538461538, 
                    529.6153846153846
                ], 
                [
                    868.8461538461538, 
                    530.7692307692307
                ], 
                [
                    871.1538461538461, 
                    529.6153846153846
                ]
            ], 
            "user": "yongwoo", 
            "verified": 0
        }, 
        {
            "date": "", 
            "deleted": 0, 
            "draw": true, 
            "id": 17, 
            "label": "whdot", 
            "polygon": [
                [
                    885.0, 
                    525.0
                ], 
                [
                    879.2307692307692, 
                    526.1538461538462
                ], 
                [
                    879.2307692307692, 
                    527.3076923076923
                ], 
                [
                    881.5384615384615, 
                    526.1538461538462
                ]
            ], 
            "user": "yongwoo", 
            "verified": 0
        }, 
        {
            "date": "", 
            "deleted": 0, 
            "draw": true, 
            "id": 18, 
            "label": "whdot", 
            "polygon": [
                [
                    894.2307692307692, 
                    521.5384615384615
                ], 
                [
                    888.4615384615385, 
                    522.6923076923076
                ], 
                [
                    888.4615384615385, 
                    523.8461538461538
                ]
            ], 
            "user": "yongwoo", 
            "verified": 0
        }, 
        {
            "date": "", 
            "deleted": 0, 
            "draw": true, 
            "id": 19, 
            "label": "whdot", 
            "polygon": [
                [
                    900.0, 
                    518.0769230769231
                ], 
                [
                    896.5384615384615, 
                    520.3846153846154
                ], 
                [
                    897.6923076923076, 
                    520.3846153846154
                ]
            ], 
            "user": "yongwoo", 
            "verified": 0
        }, 
        {
            "date": "", 
            "deleted": 0, 
            "draw": true, 
            "id": 20, 
            "label": "whdot", 
            "polygon": [
                [
                    906.9230769230769, 
                    515.7692307692307
                ], 
                [
                    902.3076923076923, 
                    516.9230769230769
                ], 
                [
                    903.4615384615385, 
                    519.2307692307692
                ], 
                [
                    904.6153846153845, 
                    518.0769230769231
                ]
            ], 
            "user": "yongwoo", 
            "verified": 0
        }, 
        {
            "date": "", 
            "deleted": 0, 
            "draw": true, 
            "id": 21, 
            "label": "yesol", 
            "polygon": [
                [
                    855.0, 
                    520.3846153846154
                ], 
                [
                    870.0, 
                    518.0769230769231
                ], 
                [
                    901.1538461538461, 
                    510.0
                ], 
                [
                    911.5384615384615, 
                    507.6923076923077
                ], 
                [
                    912.6923076923076, 
                    507.6923076923077
                ], 
                [
                    883.8461538461538, 
                    515.7692307692307
                ], 
                [
                    861.9230769230769, 
                    521.5384615384615
                ], 
                [
                    849.2307692307692, 
                    522.6923076923076
                ]
            ], 
            "user": "yongwoo", 
            "verified": 0
        }, 
        {
            "date": "", 
            "deleted": 0, 
            "draw": true, 
            "id": 22, 
            "label": "whdot", 
            "polygon": [
                [
                    925.3846153846154, 
                    536.5384615384615
                ], 
                [
                    931.1538461538461, 
                    536.5384615384615
                ], 
                [
                    927.6923076923076, 
                    541.1538461538462
                ], 
                [
                    921.9230769230769, 
                    541.1538461538462
                ]
            ], 
            "user": "yongwoo", 
            "verified": 0
        }, 
        {
            "date": "", 
            "deleted": 0, 
            "draw": true, 
            "id": 23, 
            "label": "whdot", 
            "polygon": [
                [
                    930.0, 
                    531.9230769230769
                ], 
                [
                    934.6153846153845, 
                    531.9230769230769
                ], 
                [
                    935.7692307692307, 
                    528.4615384615385
                ], 
                [
                    932.3076923076923, 
                    528.4615384615385
                ]
            ], 
            "user": "yongwoo", 
            "verified": 0
        }, 
        {
            "date": "", 
            "deleted": 0, 
            "draw": true, 
            "id": 24, 
            "label": "whdot", 
            "polygon": [
                [
                    932.3076923076923, 
                    527.3076923076923
                ], 
                [
                    938.0769230769231, 
                    527.3076923076923
                ], 
                [
                    939.2307692307692, 
                    525.0
                ], 
                [
                    935.7692307692307, 
                    525.0
                ]
            ], 
            "user": "yongwoo", 
            "verified": 0
        }, 
        {
            "date": "", 
            "deleted": 0, 
            "draw": true, 
            "id": 25, 
            "label": "whdot", 
            "polygon": [
                [
                    936.9230769230769, 
                    523.8461538461538
                ], 
                [
                    942.6923076923076, 
                    523.8461538461538
                ], 
                [
                    942.6923076923076, 
                    521.5384615384615
                ], 
                [
                    940.3846153846154, 
                    521.5384615384615
                ], 
                [
                    939.2307692307692, 
                    521.5384615384615
                ]
            ], 
            "user": "yongwoo", 
            "verified": 0
        }, 
        {
            "date": "", 
            "deleted": 0, 
            "draw": true, 
            "id": 26, 
            "label": "whdot", 
            "polygon": [
                [
                    940.3846153846154, 
                    520.3846153846154
                ], 
                [
                    948.4615384615385, 
                    511.15384615384613
                ], 
                [
                    953.0769230769231, 
                    506.53846153846155
                ], 
                [
                    954.2307692307692, 
                    506.53846153846155
                ], 
                [
                    947.3076923076923, 
                    515.7692307692307
                ], 
                [
                    943.8461538461538, 
                    518.0769230769231
                ]
            ], 
            "user": "yongwoo", 
            "verified": 0
        }, 
        {
            "date": "", 
            "deleted": 0, 
            "draw": true, 
            "id": 27, 
            "label": "whdot", 
            "polygon": [
                [
                    928.8461538461538, 
                    507.6923076923077
                ], 
                [
                    908.0769230769231, 
                    515.7692307692307
                ], 
                [
                    908.0769230769231, 
                    516.9230769230769
                ], 
                [
                    911.5384615384615, 
                    515.7692307692307
                ], 
                [
                    924.2307692307692, 
                    511.15384615384613
                ]
            ], 
            "user": "yongwoo", 
            "verified": 0
        }, 
        {
            "date": "", 
            "deleted": 0, 
            "draw": true, 
            "id": 28, 
            "label": "whdot", 
            "polygon": [
                [
                    120.0, 
                    653.0769230769231
                ], 
                [
                    272.3076923076923, 
                    624.2307692307692
                ], 
                [
                    279.2307692307692, 
                    624.2307692307692
                ], 
                [
                    130.3846153846154, 
                    653.0769230769231
                ]
            ], 
            "user": "yongwoo", 
            "verified": 0
        }, 
        {
            "date": "", 
            "deleted": 0, 
            "draw": true, 
            "id": 29, 
            "label": "car", 
            "polygon": [
                [
                    633.4615384615385, 
                    495.0
                ], 
                [
                    645.0, 
                    493.8461538461538
                ], 
                [
                    666.9230769230769, 
                    491.53846153846155
                ], 
                [
                    695.7692307692307, 
                    490.38461538461536
                ], 
                [
                    700.3846153846154, 
                    493.8461538461538
                ], 
                [
                    700.3846153846154, 
                    493.8461538461538
                ], 
                [
                    705.0, 
                    500.7692307692308
                ], 
                [
                    708.4615384615385, 
                    514.6153846153846
                ], 
                [
                    710.7692307692307, 
                    526.1538461538462
                ], 
                [
                    713.0769230769231, 
                    540.0
                ], 
                [
                    709.6153846153846, 
                    543.4615384615385
                ], 
                [
                    709.6153846153846, 
                    549.2307692307692
                ], 
                [
                    707.3076923076923, 
                    555.0
                ], 
                [
                    701.5384615384615, 
                    553.8461538461538
                ], 
                [
                    699.2307692307692, 
                    549.2307692307692
                ], 
                [
                    686.5384615384615, 
                    551.5384615384615
                ], 
                [
                    686.5384615384615, 
                    555.0
                ], 
                [
                    686.5384615384615, 
                    557.3076923076923
                ], 
                [
                    683.0769230769231, 
                    559.6153846153846
                ], 
                [
                    676.1538461538461, 
                    560.7692307692307
                ], 
                [
                    673.8461538461538, 
                    556.1538461538462
                ], 
                [
                    672.6923076923076, 
                    552.6923076923076
                ], 
                [
                    654.2307692307692, 
                    553.8461538461538
                ], 
                [
                    655.3846153846154, 
                    559.6153846153846
                ], 
                [
                    650.7692307692307, 
                    560.7692307692307
                ], 
                [
                    649.6153846153846, 
                    561.9230769230769
                ], 
                [
                    645.0, 
                    559.6153846153846
                ], 
                [
                    645.0, 
                    555.0
                ], 
                [
                    625.3846153846154, 
                    557.3076923076923
                ], 
                [
                    623.0769230769231, 
                    564.2307692307692
                ], 
                [
                    618.4615384615385, 
                    564.2307692307692
                ], 
                [
                    615.0, 
                    563.0769230769231
                ], 
                [
                    612.6923076923076, 
                    559.6153846153846
                ], 
                [
                    612.6923076923076, 
                    556.1538461538462
                ], 
                [
                    609.2307692307692, 
                    553.8461538461538
                ], 
                [
                    608.0769230769231, 
                    541.1538461538462
                ], 
                [
                    611.5384615384615, 
                    526.1538461538462
                ], 
                [
                    617.3076923076923, 
                    516.9230769230769
                ], 
                [
                    620.7692307692307, 
                    506.53846153846155
                ]
            ], 
            "user": "yongwoo", 
            "verified": 0
        }, 
        {
            "date": "", 
            "deleted": 0, 
            "draw": true, 
            "id": 30, 
            "label": "car", 
            "polygon": [
                [
                    788.0769230769231, 
                    503.07692307692304
                ], 
                [
                    792.6923076923076, 
                    504.2307692307692
                ], 
                [
                    805.3846153846154, 
                    504.2307692307692
                ], 
                [
                    804.2307692307692, 
                    528.4615384615385
                ], 
                [
                    789.2307692307692, 
                    528.4615384615385
                ], 
                [
                    781.1538461538461, 
                    527.3076923076923
                ], 
                [
                    780.0, 
                    525.0
                ], 
                [
                    780.0, 
                    518.0769230769231
                ], 
                [
                    781.1538461538461, 
                    513.4615384615385
                ], 
                [
                    783.4615384615385, 
                    511.15384615384613
                ], 
                [
                    785.7692307692307, 
                    507.6923076923077
                ]
            ], 
            "user": "yongwoo", 
            "verified": 0
        }, 
        {
            "date": "", 
            "deleted": 0, 
            "draw": true, 
            "id": 31, 
            "label": "car", 
            "polygon": [
                [
                    806.5384615384615, 
                    492.6923076923077
                ], 
                [
                    813.4615384615385, 
                    493.8461538461538
                ], 
                [
                    838.8461538461538, 
                    493.8461538461538
                ], 
                [
                    841.1538461538461, 
                    492.6923076923077
                ], 
                [
                    845.7692307692307, 
                    495.0
                ], 
                [
                    851.5384615384615, 
                    506.53846153846155
                ], 
                [
                    855.0, 
                    512.3076923076923
                ], 
                [
                    857.3076923076923, 
                    520.3846153846154
                ], 
                [
                    858.4615384615385, 
                    538.8461538461538
                ], 
                [
                    853.8461538461538, 
                    541.1538461538462
                ], 
                [
                    846.9230769230769, 
                    540.0
                ], 
                [
                    845.7692307692307, 
                    536.5384615384615
                ], 
                [
                    821.5384615384615, 
                    535.3846153846154
                ], 
                [
                    813.4615384615385, 
                    536.5384615384615
                ], 
                [
                    813.4615384615385, 
                    541.1538461538462
                ], 
                [
                    807.6923076923076, 
                    541.1538461538462
                ], 
                [
                    807.6923076923076, 
                    543.4615384615385
                ], 
                [
                    799.6153846153846, 
                    543.4615384615385
                ], 
                [
                    798.4615384615385, 
                    535.3846153846154
                ], 
                [
                    799.6153846153846, 
                    510.0
                ], 
                [
                    803.0769230769231, 
                    498.46153846153845
                ]
            ], 
            "user": "yongwoo", 
            "verified": 0
        }, 
        {
            "date": "", 
            "deleted": 0, 
            "draw": true, 
            "id": 32, 
            "label": "static", 
            "polygon": [
                [
                    940.3846153846154, 
                    477.6923076923077
                ], 
                [
                    975.0, 
                    476.53846153846155
                ], 
                [
                    975.0, 
                    486.9230769230769
                ], 
                [
                    939.2307692307692, 
                    486.9230769230769
                ]
            ], 
            "user": "yongwoo", 
            "verified": 0
        }, 
        {
            "date": "", 
            "deleted": 0, 
            "draw": true, 
            "id": 33, 
            "label": "pole", 
            "polygon": [
                [
                    921.9230769230769, 
                    488.07692307692304
                ], 
                [
                    920.7692307692307, 
                    458.07692307692304
                ], 
                [
                    923.0769230769231, 
                    458.07692307692304
                ], 
                [
                    924.2307692307692, 
                    492.6923076923077
                ], 
                [
                    921.9230769230769, 
                    491.53846153846155
                ]
            ], 
            "user": "yongwoo", 
            "verified": 0
        }, 
        {
            "date": "", 
            "deleted": 0, 
            "draw": true, 
            "id": 34, 
            "label": "traffic light", 
            "polygon": [
                [
                    933.4615384615385, 
                    469.6153846153846
                ], 
                [
                    940.3846153846154, 
                    469.6153846153846
                ], 
                [
                    940.3846153846154, 
                    473.07692307692304
                ], 
                [
                    933.4615384615385, 
                    473.07692307692304
                ]
            ], 
            "user": "yongwoo", 
            "verified": 0
        }, 
        {
            "date": "", 
            "deleted": 0, 
            "draw": true, 
            "id": 35, 
            "label": "traffic light", 
            "polygon": [
                [
                    946.1538461538461, 
                    469.6153846153846
                ], 
                [
                    953.0769230769231, 
                    469.6153846153846
                ], 
                [
                    953.0769230769231, 
                    473.07692307692304
                ], 
                [
                    948.4615384615385, 
                    473.07692307692304
                ], 
                [
                    947.3076923076923, 
                    473.07692307692304
                ], 
                [
                    946.1538461538461, 
                    471.9230769230769
                ], 
                [
                    946.1538461538461, 
                    470.7692307692308
                ]
            ], 
            "user": "yongwoo", 
            "verified": 0
        }, 
        {
            "date": "", 
            "deleted": 0, 
            "draw": true, 
            "id": 36, 
            "label": "bus", 
            "polygon": [
                [
                    917.3076923076923, 
                    488.07692307692304
                ], 
                [
                    926.5384615384615, 
                    488.07692307692304
                ], 
                [
                    926.5384615384615, 
                    485.7692307692308
                ], 
                [
                    950.7692307692307, 
                    485.7692307692308
                ], 
                [
                    950.7692307692307, 
                    486.9230769230769
                ], 
                [
                    975.0, 
                    485.7692307692308
                ], 
                [
                    975.0, 
                    490.38461538461536
                ], 
                [
                    978.4615384615385, 
                    491.53846153846155
                ], 
                [
                    978.4615384615385, 
                    496.15384615384613
                ], 
                [
                    977.3076923076923, 
                    500.7692307692308
                ], 
                [
                    955.3846153846154, 
                    503.07692307692304
                ], 
                [
                    943.8461538461538, 
                    504.2307692307692
                ], 
                [
                    926.5384615384615, 
                    505.38461538461536
                ], 
                [
                    918.4615384615385, 
                    503.07692307692304
                ], 
                [
                    917.3076923076923, 
                    498.46153846153845
                ]
            ], 
            "user": "yongwoo", 
            "verified": 0
        }, 
        {
            "date": "", 
            "deleted": 0, 
            "draw": true, 
            "id": 37, 
            "label": "car", 
            "polygon": [
                [
                    915.0, 
                    497.30769230769226
                ], 
                [
                    924.2307692307692, 
                    497.30769230769226
                ], 
                [
                    926.5384615384615, 
                    501.9230769230769
                ], 
                [
                    926.5384615384615, 
                    507.6923076923077
                ], 
                [
                    924.2307692307692, 
                    507.6923076923077
                ], 
                [
                    912.6923076923076, 
                    507.6923076923077
                ], 
                [
                    911.5384615384615, 
                    501.9230769230769
                ]
            ], 
            "user": "yongwoo", 
            "verified": 0
        }, 
        {
            "date": "", 
            "deleted": 0, 
            "draw": true, 
            "id": 38, 
            "label": "car", 
            "polygon": [
                [
                    934.6153846153845, 
                    496.15384615384613
                ], 
                [
                    945.0, 
                    496.15384615384613
                ], 
                [
                    948.4615384615385, 
                    503.07692307692304
                ], 
                [
                    948.4615384615385, 
                    508.8461538461538
                ], 
                [
                    934.6153846153845, 
                    508.8461538461538
                ], 
                [
                    933.4615384615385, 
                    505.38461538461536
                ]
            ], 
            "user": "yongwoo", 
            "verified": 0
        }, 
        {
            "date": "", 
            "deleted": 0, 
            "draw": true, 
            "id": 39, 
            "label": "car", 
            "polygon": [
                [
                    960.0, 
                    493.8461538461538
                ], 
                [
                    969.2307692307692, 
                    493.8461538461538
                ], 
                [
                    970.3846153846154, 
                    500.7692307692308
                ], 
                [
                    969.2307692307692, 
                    505.38461538461536
                ], 
                [
                    957.6923076923076, 
                    505.38461538461536
                ], 
                [
                    957.6923076923076, 
                    500.7692307692308
                ]
            ], 
            "user": "yongwoo", 
            "verified": 0
        }, 
        {
            "date": "", 
            "deleted": 0, 
            "draw": true, 
            "id": 40, 
            "label": "car", 
            "polygon": [
                [
                    970.3846153846154, 
                    495.0
                ], 
                [
                    979.6153846153845, 
                    495.0
                ], 
                [
                    979.6153846153845, 
                    499.6153846153846
                ], 
                [
                    979.6153846153845, 
                    506.53846153846155
                ], 
                [
                    969.2307692307692, 
                    506.53846153846155
                ], 
                [
                    969.2307692307692, 
                    503.07692307692304
                ]
            ], 
            "user": "yongwoo", 
            "verified": 0
        }, 
        {
            "date": "", 
            "deleted": 0, 
            "draw": true, 
            "id": 41, 
            "label": "traffic sign", 
            "polygon": [
                [
                    941.5384615384615, 
                    426.9230769230769
                ], 
                [
                    969.2307692307692, 
                    426.9230769230769
                ], 
                [
                    971.5384615384615, 
                    432.6923076923077
                ], 
                [
                    973.8461538461538, 
                    433.8461538461538
                ], 
                [
                    973.8461538461538, 
                    437.3076923076923
                ], 
                [
                    969.2307692307692, 
                    440.7692307692308
                ], 
                [
                    969.2307692307692, 
                    443.07692307692304
                ], 
                [
                    969.2307692307692, 
                    445.38461538461536
                ], 
                [
                    969.2307692307692, 
                    445.38461538461536
                ], 
                [
                    942.6923076923076, 
                    445.38461538461536
                ]
            ], 
            "user": "yongwoo", 
            "verified": 0
        }, 
        {
            "date": "", 
            "deleted": 0, 
            "draw": true, 
            "id": 42, 
            "label": "pole", 
            "polygon": [
                [
                    1060.3846153846152, 
                    516.9230769230769
                ], 
                [
                    1058.076923076923, 
                    443.07692307692304
                ], 
                [
                    1061.5384615384614, 
                    444.2307692307692
                ], 
                [
                    1063.8461538461538, 
                    450.0
                ], 
                [
                    1065.0, 
                    515.7692307692307
                ]
            ], 
            "user": "yongwoo", 
            "verified": 0
        }, 
        {
            "date": "", 
            "deleted": 0, 
            "draw": true, 
            "id": 43, 
            "label": "traffic light", 
            "polygon": [
                [
                    1011.9230769230769, 
                    471.9230769230769
                ], 
                [
                    1007.3076923076923, 
                    469.6153846153846
                ], 
                [
                    1002.6923076923076, 
                    471.9230769230769
                ], 
                [
                    1002.6923076923076, 
                    476.53846153846155
                ], 
                [
                    1005.0, 
                    481.15384615384613
                ], 
                [
                    1010.7692307692307, 
                    480.0
                ]
            ], 
            "user": "yongwoo", 
            "verified": 0
        }, 
        {
            "date": "", 
            "deleted": 0, 
            "draw": true, 
            "id": 44, 
            "label": "pole", 
            "polygon": [
                [
                    486.9230769230769, 
                    255.0
                ], 
                [
                    478.8461538461538, 
                    253.84615384615384
                ], 
                [
                    467.30769230769226, 
                    257.3076923076923
                ], 
                [
                    455.7692307692308, 
                    263.0769230769231
                ], 
                [
                    403.8461538461538, 
                    274.6153846153846
                ], 
                [
                    401.53846153846155, 
                    275.7692307692308
                ], 
                [
                    403.8461538461538, 
                    317.3076923076923
                ], 
                [
                    408.46153846153845, 
                    319.6153846153846
                ], 
                [
                    406.15384615384613, 
                    287.3076923076923
                ], 
                [
                    411.9230769230769, 
                    279.2307692307692
                ], 
                [
                    432.6923076923077, 
                    272.3076923076923
                ], 
                [
                    456.9230769230769, 
                    267.6923076923077
                ], 
                [
                    463.8461538461538, 
                    267.6923076923077
                ], 
                [
                    474.2307692307692, 
                    264.2307692307692
                ], 
                [
                    483.46153846153845, 
                    261.9230769230769
                ]
            ], 
            "user": "yongwoo", 
            "verified": 0
        }, 
        {
            "date": "", 
            "deleted": 0, 
            "draw": true, 
            "id": 45, 
            "label": "pole", 
            "polygon": [
                [
                    411.9230769230769, 
                    460.38461538461536
                ], 
                [
                    420.0, 
                    538.8461538461538
                ], 
                [
                    424.6153846153846, 
                    541.1538461538462
                ], 
                [
                    417.6923076923077, 
                    470.7692307692308
                ], 
                [
                    417.6923076923077, 
                    466.15384615384613
                ], 
                [
                    416.53846153846155, 
                    461.53846153846155
                ]
            ], 
            "user": "yongwoo", 
            "verified": 0
        }, 
        {
            "date": "", 
            "deleted": 0, 
            "draw": true, 
            "id": 46, 
            "label": "pole", 
            "polygon": [
                [
                    176.53846153846152, 
                    574.6153846153846
                ], 
                [
                    161.53846153846152, 
                    300.0
                ], 
                [
                    165.0, 
                    296.53846153846155
                ], 
                [
                    168.46153846153845, 
                    301.15384615384613
                ], 
                [
                    183.46153846153845, 
                    578.0769230769231
                ], 
                [
                    182.3076923076923, 
                    579.2307692307692
                ], 
                [
                    178.84615384615384, 
                    578.0769230769231
                ]
            ], 
            "user": "yongwoo", 
            "verified": 0
        }, 
        {
            "date": "", 
            "deleted": 0, 
            "draw": true, 
            "id": 47, 
            "label": "static", 
            "polygon": [
                [
                    1114.6153846153845, 
                    503.07692307692304
                ], 
                [
                    1151.5384615384614, 
                    504.2307692307692
                ], 
                [
                    1164.2307692307693, 
                    505.38461538461536
                ], 
                [
                    1168.8461538461538, 
                    507.6923076923077
                ], 
                [
                    1167.6923076923076, 
                    513.4615384615385
                ], 
                [
                    1167.6923076923076, 
                    516.9230769230769
                ], 
                [
                    1146.923076923077, 
                    518.0769230769231
                ], 
                [
                    1113.4615384615383, 
                    514.6153846153846
                ], 
                [
                    1112.3076923076924, 
                    506.53846153846155
                ]
            ], 
            "user": "yongwoo", 
            "verified": 0
        }, 
        {
            "date": "", 
            "deleted": 0, 
            "draw": true, 
            "id": 48, 
            "label": "general road mark", 
            "polygon": [
                [
                    961.1538461538461, 
                    519.2307692307692
                ], 
                [
                    973.8461538461538, 
                    519.2307692307692
                ], 
                [
                    971.5384615384615, 
                    513.4615384615385
                ], 
                [
                    960.0, 
                    513.4615384615385
                ]
            ], 
            "user": "yongwoo", 
            "verified": 0
        }
    ]
}